bh-05-vld,sda,dasd,adsa
bh-08-vld,dasda,dasda,dasdas\
bh-05-vld,sda,dasd,adsa
bh-08-vld,dasda,dasda,dasdas\
bh-06-vld,skoda,octavia,combi
bh-08-vld,dasda,dasda,dasdas\
bh-06-vld,skoda,octavia,combi
bh-07-vld,dasgds,ddfgs,gdsgfs
bh-08-vld,dasda,dasda,dasdas\
bh-08-vld,dasda,dasda,dasdas\
bh-07-vld,dasgds,ddfgs,gdsgfs
bh-06-vld,skoda,octavia,combi
bh-05-vld,sda,dasd,adsa
bh-05-vld,sda,dasd,adsa
bh-08-vld,dasda,dasda,dasdas\
bh-05-vld,sda,dasd,adsa
bh-05-vld,sda,dasd,adsa
bh-06-vld,skoda,octavia,combi
bh-07-vld,dasgds,ddfgs,gdsgfs
bh-05-vld,sda,dasd,adsa
bh-08-vld,dasda,dasda,dasdas\
bh-06-vld,skoda,octavia,combi
bh-07-vld,dasgds,ddfgs,gdsgfs
bh-05-vld,sda,dasd,adsa
bh-07-vld,dasgds,ddfgs,gdsgfs
bh-06-vld,skoda,octavia,combi
bh-06-vld,skoda,octavia,combi
bh-04-vld,skoda,octavia,combi
bh-05-vld,sda,dasd,adsa
bh-04-vld,skoda,octavia,combi
bh-06-vld,skoda,octavia,combi
bh-04-vld,skoda,octavia,combi
bh-04-vld,skoda,octavia,combi
bh-04-vld,skoda,octavia,combi
bh-07-vld,dasgds,ddfgs,gdsgfs
bh-05-vld,sda,dasd,adsa
bh-05-vld,sda,dasd,adsa
bh-05-vld,sda,dasd,adsa
bh-06-vld,skoda,octavia,combi
bh-07-vld,dasgds,ddfgs,gdsgfs
bh-08-vld,dasda,dasda,dasdas\
bh-07-vld,dasgds,ddfgs,gdsgfs
bh-04-vld,skoda,octavia,combi
bh-07-vld,dasgds,ddfgs,gdsgfs
bh-06-vld,skoda,octavia,combi
